{
  "IcoMoonType": "selection",
  "icons": [
    {
      "icon": {
        "paths": [
          "M204.8 102.4h819.2l-153.6 460.8h-665.6c-28.277 0-51.2 22.923-51.2 51.2s22.923 51.2 51.2 51.2v0h665.6v102.4h-665.6c-84.831 0-153.6-68.769-153.6-153.6s68.769-153.6 153.6-153.6v0h16.896l-68.096-204.8-51.2-153.6h-102.4v-102.4h153.6c28.277 0 51.2 22.923 51.2 51.2v0 51.2zM256 1024c-56.554 0-102.4-45.846-102.4-102.4s45.846-102.4 102.4-102.4v0c56.554 0 102.4 45.846 102.4 102.4s-45.846 102.4-102.4 102.4v0zM768 1024c-56.554 0-102.4-45.846-102.4-102.4s45.846-102.4 102.4-102.4v0c56.554 0 102.4 45.846 102.4 102.4s-45.846 102.4-102.4 102.4v0z"
        ],
        "attrs": [],
        "isMulticolor": false,
        "isMulticolor2": false,
        "tags": [
          "shopping-cart"
        ],
        "grid": 20
      },
      "attrs": [],
      "properties": {
        "id": 233,
        "order": 18,
        "prevSize": 20,
        "code": 59648,
        "name": "shopping-cart"
      },
      "setIdx": 0,
      "setId": 2,
      "iconIdx": 232
    },
    {
      "icon": {
        "paths": [
          "M512 0c-176.732 0-320 143.268-320 320 0 320 320 704 320 704s320-384 320-704c0-176.732-143.27-320-320-320zM512 512c-106.040 0-192-85.96-192-192s85.96-192 192-192 192 85.96 192 192-85.96 192-192 192z"
        ],
        "tags": [
          "location",
          "map-marker",
          "pin"
        ],
        "defaultCode": 59719,
        "grid": 16,
        "attrs": []
      },
      "attrs": [],
      "properties": {
        "ligatures": "location, map-marker",
        "name": "location",
        "order": 2,
        "id": 72,
        "prevSize": 32,
        "code": 59719
      },
      "setIdx": 1,
      "setId": 1,
      "iconIdx": 71
    },
    {
      "icon": {
        "paths": [
          "M512 0c-176.732 0-320 143.268-320 320 0 320 320 704 320 704s320-384 320-704c0-176.732-143.27-320-320-320zM512 516c-108.248 0-196-87.752-196-196s87.752-196 196-196 196 87.752 196 196-87.752 196-196 196zM388 320c0-68.483 55.517-124 124-124s124 55.517 124 124c0 68.483-55.517 124-124 124s-124-55.517-124-124z"
        ],
        "tags": [
          "location",
          "map-marker",
          "pin"
        ],
        "defaultCode": 59720,
        "grid": 16,
        "attrs": []
      },
      "attrs": [],
      "properties": {
        "ligatures": "location2, map-marker2",
        "name": "location2",
        "order": 3,
        "id": 73,
        "prevSize": 32,
        "code": 59720
      },
      "setIdx": 1,
      "setId": 1,
      "iconIdx": 72
    },
    {
      "icon": {
        "paths": [
          "M992.262 871.396l-242.552-206.294c-25.074-22.566-51.89-32.926-73.552-31.926 57.256-67.068 91.842-154.078 91.842-249.176 0-212.078-171.922-384-384-384-212.076 0-384 171.922-384 384s171.922 384 384 384c95.098 0 182.108-34.586 249.176-91.844-1 21.662 9.36 48.478 31.926 73.552l206.294 242.552c35.322 39.246 93.022 42.554 128.22 7.356s31.892-92.898-7.354-128.22zM384 640c-141.384 0-256-114.616-256-256s114.616-256 256-256 256 114.616 256 256-114.614 256-256 256z"
        ],
        "tags": [
          "search",
          "magnifier",
          "magnifying-glass",
          "inspect",
          "find"
        ],
        "defaultCode": 59782,
        "grid": 16,
        "attrs": []
      },
      "attrs": [],
      "properties": {
        "ligatures": "search, magnifier",
        "name": "search",
        "order": 17,
        "id": 135,
        "prevSize": 32,
        "code": 59782
      },
      "setIdx": 1,
      "setId": 1,
      "iconIdx": 134
    },
    {
      "icon": {
        "paths": [
          "M877.254 786.746l-530.744-530.746h229.49c35.346 0 64-28.654 64-64s-28.654-64-64-64h-384c-25.886 0-49.222 15.592-59.128 39.508-3.282 7.924-4.84 16.242-4.838 24.492h-0.034v384c0 35.346 28.654 64 64 64s64-28.654 64-64v-229.49l530.746 530.744c12.496 12.498 28.876 18.746 45.254 18.746s32.758-6.248 45.254-18.746c24.994-24.992 24.994-65.516 0-90.508z"
        ],
        "tags": [
          "arrow-up-left",
          "up-left",
          "arrow-top-left"
        ],
        "defaultCode": 59961,
        "grid": 16,
        "attrs": []
      },
      "attrs": [],
      "properties": {
        "ligatures": "arrow-up-left2, up-left2",
        "name": "arrow-up-left2",
        "order": 8,
        "id": 314,
        "prevSize": 32,
        "code": 59961
      },
      "setIdx": 1,
      "setId": 1,
      "iconIdx": 313
    },
    {
      "icon": {
        "paths": [
          "M877.254 402.746l-320-320c-24.992-24.994-65.514-24.994-90.508 0l-320 320c-24.994 24.994-24.994 65.516 0 90.51 24.994 24.996 65.516 24.996 90.51 0l210.744-210.746v613.49c0 35.346 28.654 64 64 64s64-28.654 64-64v-613.49l210.746 210.746c12.496 12.496 28.876 18.744 45.254 18.744s32.758-6.248 45.254-18.746c24.994-24.994 24.994-65.514 0-90.508z"
        ],
        "tags": [
          "arrow-up",
          "up",
          "upload",
          "top"
        ],
        "defaultCode": 59962,
        "grid": 16,
        "attrs": []
      },
      "attrs": [],
      "properties": {
        "ligatures": "arrow-up2, up2",
        "name": "arrow-up2",
        "order": 9,
        "id": 315,
        "prevSize": 32,
        "code": 59962
      },
      "setIdx": 1,
      "setId": 1,
      "iconIdx": 314
    },
    {
      "icon": {
        "paths": [
          "M237.254 877.254l530.746-530.744v229.49c0 35.346 28.654 64 64 64s64-28.654 64-64v-384c0-25.884-15.594-49.222-39.508-59.126-7.924-3.284-16.242-4.84-24.492-4.838v-0.036h-384c-35.346 0-64 28.654-64 64 0 35.348 28.654 64 64 64h229.49l-530.744 530.746c-12.498 12.496-18.746 28.876-18.746 45.254s6.248 32.758 18.746 45.254c24.992 24.994 65.516 24.994 90.508 0z"
        ],
        "tags": [
          "arrow-up-right",
          "up-right",
          "arrow-top-right"
        ],
        "defaultCode": 59963,
        "grid": 16,
        "attrs": []
      },
      "attrs": [],
      "properties": {
        "ligatures": "arrow-up-right2, up-right2",
        "name": "arrow-up-right2",
        "order": 10,
        "id": 316,
        "prevSize": 32,
        "code": 59963
      },
      "setIdx": 1,
      "setId": 1,
      "iconIdx": 315
    },
    {
      "icon": {
        "paths": [
          "M621.254 877.254l320-320c24.994-24.992 24.994-65.516 0-90.51l-320-320c-24.994-24.992-65.516-24.992-90.51 0-24.994 24.994-24.994 65.516 0 90.51l210.746 210.746h-613.49c-35.346 0-64 28.654-64 64s28.654 64 64 64h613.49l-210.746 210.746c-12.496 12.496-18.744 28.876-18.744 45.254s6.248 32.758 18.744 45.254c24.994 24.994 65.516 24.994 90.51 0z"
        ],
        "tags": [
          "arrow-right",
          "right",
          "next"
        ],
        "defaultCode": 59964,
        "grid": 16,
        "attrs": []
      },
      "attrs": [],
      "properties": {
        "ligatures": "arrow-right2, right4",
        "name": "arrow-right2",
        "order": 11,
        "id": 317,
        "prevSize": 32,
        "code": 59964
      },
      "setIdx": 1,
      "setId": 1,
      "iconIdx": 316
    },
    {
      "icon": {
        "paths": [
          "M146.746 237.254l530.742 530.746h-229.488c-35.346 0-64 28.654-64 64s28.654 64 64 64h384c25.884 0 49.222-15.594 59.126-39.508 3.284-7.924 4.84-16.242 4.838-24.492h0.036v-384c0-35.346-28.654-64-64-64-35.348 0-64 28.654-64 64v229.49l-530.746-530.744c-12.496-12.498-28.874-18.746-45.254-18.746s-32.758 6.248-45.254 18.746c-24.994 24.992-24.994 65.516 0 90.508z"
        ],
        "tags": [
          "arrow-down-right",
          "down-right",
          "arrow-bottom-right"
        ],
        "defaultCode": 59965,
        "grid": 16,
        "attrs": []
      },
      "attrs": [],
      "properties": {
        "ligatures": "arrow-down-right2, down-right2",
        "name": "arrow-down-right2",
        "order": 12,
        "id": 318,
        "prevSize": 32,
        "code": 59965
      },
      "setIdx": 1,
      "setId": 1,
      "iconIdx": 317
    },
    {
      "icon": {
        "paths": [
          "M877.254 621.254l-320 320c-24.992 24.994-65.514 24.994-90.508 0l-320-320c-24.994-24.994-24.994-65.516 0-90.51 24.994-24.996 65.516-24.996 90.51 0l210.744 210.746v-613.49c0-35.346 28.654-64 64-64s64 28.654 64 64v613.49l210.746-210.746c12.496-12.496 28.876-18.744 45.254-18.744s32.758 6.248 45.254 18.746c24.994 24.994 24.994 65.514 0 90.508z"
        ],
        "tags": [
          "arrow-down",
          "down",
          "download",
          "bottom"
        ],
        "defaultCode": 59966,
        "grid": 16,
        "attrs": []
      },
      "attrs": [],
      "properties": {
        "ligatures": "arrow-down2, down2",
        "name": "arrow-down2",
        "order": 13,
        "id": 319,
        "prevSize": 32,
        "code": 59966
      },
      "setIdx": 1,
      "setId": 1,
      "iconIdx": 318
    },
    {
      "icon": {
        "paths": [
          "M786.744 146.744l-530.744 530.744v-229.49c0-35.346-28.654-64-64-64s-64 28.654-64 64v384.002c0 25.886 15.592 49.222 39.508 59.128 7.924 3.282 16.242 4.84 24.492 4.836v0.036l384-0.002c35.344 0 64-28.654 64-63.998 0-35.348-28.656-64-64-64h-229.49l530.744-530.746c12.496-12.496 18.746-28.876 18.746-45.256 0-16.376-6.25-32.758-18.746-45.254-24.992-24.992-65.518-24.992-90.51 0v0z"
        ],
        "tags": [
          "arrow-down-left",
          "down-left",
          "arrow-bottom-left"
        ],
        "defaultCode": 59967,
        "grid": 16,
        "attrs": []
      },
      "attrs": [],
      "properties": {
        "ligatures": "arrow-down-left2, down-left2",
        "name": "arrow-down-left2",
        "order": 14,
        "id": 320,
        "prevSize": 32,
        "code": 59967
      },
      "setIdx": 1,
      "setId": 1,
      "iconIdx": 319
    },
    {
      "icon": {
        "paths": [
          "M402.746 877.254l-320-320c-24.994-24.992-24.994-65.516 0-90.51l320-320c24.994-24.992 65.516-24.992 90.51 0 24.994 24.994 24.994 65.516 0 90.51l-210.746 210.746h613.49c35.346 0 64 28.654 64 64s-28.654 64-64 64h-613.49l210.746 210.746c12.496 12.496 18.744 28.876 18.744 45.254s-6.248 32.758-18.744 45.254c-24.994 24.994-65.516 24.994-90.51 0z"
        ],
        "tags": [
          "arrow-left",
          "left",
          "previous"
        ],
        "defaultCode": 59968,
        "grid": 16,
        "attrs": []
      },
      "attrs": [],
      "properties": {
        "ligatures": "arrow-left2, left4",
        "name": "arrow-left2",
        "order": 15,
        "id": 321,
        "prevSize": 32,
        "code": 59968
      },
      "setIdx": 1,
      "setId": 1,
      "iconIdx": 320
    },
    {
      "icon": {
        "paths": [
          "M0 512c0 282.77 229.23 512 512 512s512-229.23 512-512-229.23-512-512-512-512 229.23-512 512zM928 512c0 229.75-186.25 416-416 416s-416-186.25-416-416 186.25-416 416-416 416 186.25 416 416z",
          "M706.744 669.256l90.512-90.512-285.256-285.254-285.254 285.256 90.508 90.508 194.746-194.744z"
        ],
        "tags": [
          "circle-up",
          "up",
          "circle-top",
          "arrow"
        ],
        "defaultCode": 59969,
        "grid": 16,
        "attrs": []
      },
      "attrs": [],
      "properties": {
        "ligatures": "circle-up, up3",
        "name": "circle-up",
        "order": 4,
        "id": 322,
        "prevSize": 32,
        "code": 59969
      },
      "setIdx": 1,
      "setId": 1,
      "iconIdx": 321
    },
    {
      "icon": {
        "paths": [
          "M512 0c-282.77 0-512 229.23-512 512s229.23 512 512 512 512-229.23 512-512-229.23-512-512-512zM512 928c-229.75 0-416-186.25-416-416s186.25-416 416-416 416 186.25 416 416-186.25 416-416 416z",
          "M354.744 706.744l90.512 90.512 285.254-285.256-285.256-285.254-90.508 90.508 194.744 194.746z"
        ],
        "tags": [
          "circle-right",
          "right",
          "circle-next",
          "arrow"
        ],
        "defaultCode": 59970,
        "grid": 16,
        "attrs": []
      },
      "attrs": [],
      "properties": {
        "ligatures": "circle-right, right5",
        "name": "circle-right",
        "order": 5,
        "id": 323,
        "prevSize": 32,
        "code": 59970
      },
      "setIdx": 1,
      "setId": 1,
      "iconIdx": 322
    },
    {
      "icon": {
        "paths": [
          "M1024 512c0-282.77-229.23-512-512-512s-512 229.23-512 512 229.23 512 512 512 512-229.23 512-512zM96 512c0-229.75 186.25-416 416-416s416 186.25 416 416-186.25 416-416 416-416-186.25-416-416z",
          "M317.256 354.744l-90.512 90.512 285.256 285.254 285.254-285.256-90.508-90.508-194.746 194.744z"
        ],
        "tags": [
          "circle-down",
          "down",
          "circle-bottom",
          "arrow"
        ],
        "defaultCode": 59971,
        "grid": 16,
        "attrs": []
      },
      "attrs": [],
      "properties": {
        "ligatures": "circle-down, down3",
        "name": "circle-down",
        "order": 6,
        "id": 324,
        "prevSize": 32,
        "code": 59971
      },
      "setIdx": 1,
      "setId": 1,
      "iconIdx": 323
    },
    {
      "icon": {
        "paths": [
          "M512 1024c282.77 0 512-229.23 512-512s-229.23-512-512-512-512 229.23-512 512 229.23 512 512 512zM512 96c229.75 0 416 186.25 416 416s-186.25 416-416 416-416-186.25-416-416 186.25-416 416-416z",
          "M669.256 317.256l-90.512-90.512-285.254 285.256 285.256 285.254 90.508-90.508-194.744-194.746z"
        ],
        "tags": [
          "circle-left",
          "left",
          "circle-previous",
          "arrow"
        ],
        "defaultCode": 59972,
        "grid": 16,
        "attrs": []
      },
      "attrs": [],
      "properties": {
        "ligatures": "circle-left, left5",
        "name": "circle-left",
        "order": 7,
        "id": 325,
        "prevSize": 32,
        "code": 59972
      },
      "setIdx": 1,
      "setId": 1,
      "iconIdx": 324
    },
    {
      "icon": {
        "paths": [
          "M287.986 576c8.908 0 17.77 3.698 24.096 10.928l199.918 228.478 199.918-228.478c11.636-13.3 31.856-14.65 45.154-3.010 13.3 11.638 14.648 31.854 3.010 45.154l-224 256c-6.076 6.944-14.854 10.928-24.082 10.928s-18.006-3.984-24.082-10.928l-224-256c-11.638-13.3-10.292-33.516 3.010-45.154 6.070-5.312 13.582-7.918 21.058-7.918z"
        ],
        "tags": [
          "ctrl",
          "control"
        ],
        "defaultCode": 59984,
        "grid": 16,
        "attrs": []
      },
      "attrs": [],
      "properties": {
        "ligatures": "ctrl, control",
        "name": "ctrl",
        "order": 16,
        "id": 337,
        "prevSize": 32,
        "code": 59984
      },
      "setIdx": 1,
      "setId": 1,
      "iconIdx": 336
    }
  ],
  "height": 1024,
  "metadata": {
    "name": "icomoon"
  },
  "preferences": {
    "showGlyphs": true,
    "showQuickUse": true,
    "showQuickUse2": true,
    "showSVGs": true,
    "fontPref": {
      "prefix": "icon-",
      "metadata": {
        "fontFamily": "icomoon"
      },
      "metrics": {
        "emSize": 1024,
        "baseline": 6.25,
        "whitespace": 50
      },
      "embed": false
    },
    "imagePref": {
      "prefix": "icon-",
      "png": true,
      "useClassSelector": true,
      "color": 0,
      "bgColor": 16777215,
      "classSelector": ".icon"
    },
    "historySize": 50,
    "showCodes": true,
    "gridSize": 16
  }
}